{
  "format_version": "1.10.0",
  "minecraft:attachable": {
    "description": {
      "identifier": "minecraft:crossbow.fox",
      "item": { "minecraft:crossbow": "query.owner_identifier == 'minecraft:fox'" },
      "materials": {
        "default": "entity_alphatest",
        "enchanted": "entity_alphatest_glint"
      },
      "textures": {
        "default": "textures/items/crossbow_standby",
        "enchanted": "textures/misc/enchanted_item_glint"
      },
      "geometry": {
        "default": "geometry.crossbow.fox"
      },
      "animations": {
        "wield": "animation.crossbow.fox.wield"
      },
      "scripts": {
        "animate": [
          "wield"
        ]
      },
      "render_controllers": [ "controller.render.crossbow.fox" ]
    }
  }
}
