{
  "format_version": "1.10.0",
  "minecraft:attachable": {
    "description": {
      "identifier": "minecraft:shield.fox",
      "item": { "minecraft:shield": "query.owner_identifier == 'minecraft:fox'" },
      "materials": {
        "default": "entity_alphatest",
        "enchanted": "entity_alphatest_glint"
      },
      "textures": {
        "default": "textures/entity/shield",
        "enchanted": "textures/misc/enchanted_item_glint"
      },
      "geometry": {
        "default": "geometry.shield.fox"
      },
      "animations": {
        //"ctrl": "controller.animation.shield.fox",
        "wield": "animation.shield.fox.wield"//,
        //"wield_off_hand_first_person": "animation.shield.wield_off_hand_first_person",
        //"wield_first_person_block": "animation.shield.wield_first_person_blocking",
        //"wield_third_person": "animation.shield.wield_third_person"
      },
      "scripts": {
        "animate": [
          "wield"
        ]
      },
      "render_controllers": [ "controller.render.item_default" ]
    }
  }
}
