{
  "format_version": "1.10.0",
  "minecraft:attachable": {
    "description": {
      "identifier": "minecraft:spyglass.fox",
      "item": { "minecraft:spyglass": "query.owner_identifier == 'minecraft:fox'" },
      "materials": {
        "default": "entity_alphatest"
      },
      "textures": {
        "default": "textures/entity/spyglass",
		"headband": "textures/blocks/wool_colored_black"
      },
      "geometry": {
        "default": "geometry.spyglass.fox",
		"headband": "geometry.spyglass_headband.fox"
      },
      "render_controllers": [ 
		"controller.render.spyglass.fox",
		"controller.render.spyglass_headband.fox"
	  ]
    }
  }
}
