{
  "format_version": "1.10",
  "minecraft:attachable": {
    "description": {
      "identifier": "minecraft:trident.fox",
      "item": { "minecraft:trident": "query.owner_identifier == 'minecraft:fox'" },
      "materials": {
        "default": "entity_alphatest",
        "enchanted": "entity_alphatest_glint"
      },
      "textures": {
        "default": "textures/entity/trident",
        "enchanted": "textures/misc/enchanted_item_glint"
      },
      "geometry": {
        "default": "geometry.trident.fox"
      },
      "animations": {
        "ctrl": "controller.animation.trident.fox",
        "wield": "animation.trident.fox.wield",
        "sleeping": "animation.trident.fox.sleep"
      },
      "scripts": {
        "animate": [
          "ctrl"
        ]
      },
      "render_controllers": [ "controller.render.item_default" ]
    }
  }
}
