{
	"$fearless_chat_fade_duration":4.5,
	"$fearless_chat_wait_duration":4.5,
	"$fearless_in_duration":0.0,
	"$fearless_out_duration":0.5,
	"$fearless_wait_duration":0.5,
	"$title_text_color":[1.0,1.0,1.0],
	"$pocket_title_text_color":[1.0,1.0,1.0],

	"$light_button_default_text_color":[1.0,1.0,1.0],
	"$light_button_hover_text_color":[0.7,0.0,0.0],
	"$light_button_pressed_text_color":[0.7,0.0,0.0],
	"$light_button_locked_text_color":[0.7,0.0,0.0],

	"$light_button_secondary_default_text_color":[1.0,1.0,1.0],
	"$light_button_secondary_hover_text_color":[1.0,0.0,0.0],
	"$light_button_secondary_pressed_text_color":[1.0,0.0,0.0],
	"$light_button_secondary_locked_text_color":[0.7,0.7,0.0],

	"$light_toggle_default_text_color":[1.0,1.0,1.0],
	"$light_toggle_hover_text_color":[0.7,0.0,0.0],
	"$light_toggle_checked_default_text_color":[0.0,0.0,1.0],
	"$light_toggle_checked_hover_text_color":[0.9,0.0,0.0],

	"$dark_button_default_text_color":[1.0,1.0,1.0],
	"$dark_button_hover_text_color":[0.7,0.0,0.0],
	"$dark_button_pressed_text_color":[0.7,0.0,0.0],
	"$dark_button_locked_text_color":[0.7,0.7,0.0],

	"$dark_toggle_default_text_color":[1.0,1.0,1.0],
	"$dark_toggle_hover_text_color":[0.7,0.0,0.0],
	"$dark_toggle_checked_default_text_color":[0.7,0.0,0.0],
	"$dark_toggle_checked_hover_text_color":[0.7,0.7,0.0],

	"$dark_button_secondary_default_text_color":[0.9,0.0,0.0,1.0],
	"$dark_button_secondary_hover_text_color":[0.7,0.0,0.0],
	"$dark_button_secondary_pressed_text_color":[0.7,0.0,0.0],
	"$dark_button_secondary_locked_text_color":[0.7,0.7,0.0],

	"$title_text_color":[1.0,1.0,1.0],
	"$pocket_title_text_color":[1.0,1.0,1.0],

	"$tab_unchecked_text_color":[1.0,1.0,1.0],
	"$tab_unchecked_hover_text_color":[0.7,0.0,0.0],
	"$tab_unchecked_locked_text_color":[0.7,0.0,0.0],
	"$tab_unchecked_locked_hover_text_color":[0.5,0.5,0.0],


	"$tab_checked_text_color":[1.0,1.0,1.0],
	"$tab_checked_hover_text_color":[0.7,0.0,0.0],
	"$tab_checked_locked_text_color":[0.7,0.0,0.0],
	"$tab_checked_locked_hover_text_color":[0.5,0.5,0.0],


	"$tab_secondary_unchecked_text_color":[0.0,1.0,1.0],
	"$tab_secondary_unchecked_hover_text_color":[0.0,1.0,1.0],
	"$tab_secondary_unchecked_locked_text_color":[0.0,1.0,1.0],
	"$tab_secondary_unchecked_locked_hover_text_color":[0.0,1.0,1.0],
	"$tab_secondary_checked_text_color":[1.0,0.0,0.0],
	"$tab_secondary_checked_hover_text_color":[1.0,0.0,0.0],
	"$tab_secondary_checked_locked_text_color":[1.0,0.0,0.0],
	"$tab_secondary_checked_locked_hover_text_color":[1.0,0.0,0.0],

	////////Panelcolors////////
	"$dark_panel_color":[0.5,0.0,0.0,1.0],
	
	////////Glyphcolors////////
	"$light_glyph_default_color":[1.0,1.0,1.0],
	"$light_glyph_hover_color":[0.7,0.0,0.0],
	"$light_glyph_pressed_color":[1.0,0.0,0.0],
	"$light_glyph_locked_color":[0.5,0.0,0.0],

	"$light_glyph_toggle_default_color":[0.7,0.7,0.7],
	"$light_glyph_toggle_hover_color":[1.0,0.0,0.0],
	"$light_glyph_toggle_checked_default_color":[0.7,0.7,0.7],
	"$light_glyph_toggle_checked_hover_color":[1.0,0.0,0.0],

	"$dark_glyph_default_color":[1.0,0.0,0.0],
	"$dark_glyph_hover_color":[1.0,1.0,1.0],
	"$dark_glyph_pressed_color":[1.0,1.0,1.0],
	"$dark_glyph_locked_color":[0.7,0.0,0.0],

	"$dark_glyph_toggle_default_color":[1.0,0.0,0.0],
	"$dark_glyph_toggle_hover_color":[1.0,1.0,1.0],
	"$dark_glyph_toggle_checked_default_color":[1.0,0.0,0.0],
	"$dark_glyph_toggle_checked_hover_color":[1.0,1.0,1.0],
	
	"$experience_text_color":[0.9,0.9,0.0]	
}
