{
	"format_version": "1.8.0",
	"render_controllers": {
		"controller.render.slime1": {
			"materials": [
				{
					"*": "Material.slime"
				}
			],
			"geometry": "geometry.slime1",
			"textures": [
				"Texture.slime1"
			],
			"ignore_lighting":true,
			"is_hurt_color":{},
			"on_fire_color":{},
			"light_color_multiplier":1.5
		},
		"controller.render.slime2": {
			"materials": [
				{
					"*": "Material.slime"
				}
			],
			"geometry": "geometry.slime2",
			"textures": [
				"Texture.slime2"
			],
			"ignore_lighting":true,
			"is_hurt_color":{},
			"on_fire_color":{},
			"light_color_multiplier":1.5
		},
		"controller.render.slime3": {
			"materials": [
				{
					"*": "Material.slime"
				}
			],
			"geometry": "geometry.slime3",
			"textures": [
				"Texture.slime3"
			],
			"ignore_lighting":true,
			"is_hurt_color":{},
			"on_fire_color":{},
			"light_color_multiplier":1.5
		},
		"controller.render.slime4": {
			"materials": [
				{
					"*": "Material.slime"
				}
			],
			"geometry": "geometry.slime4",
			"textures": [
				"Texture.slime4"
			],
			"ignore_lighting":true,
			"is_hurt_color":{},
			"on_fire_color":{},
			"light_color_multiplier":1.5
		},
		"controller.render.slime5": {
			"materials": [
				{
					"*": "Material.slime"
				}
			],
			"geometry": "geometry.slime5",
			"textures": [
				"Texture.slime5"
			],
			"ignore_lighting":true,
			"is_hurt_color":{},
			"on_fire_color":{},
			"light_color_multiplier":1.5
		},
		"controller.render.slime6": {
			"materials": [
				{
					"*": "Material.slime"
				}
			],
			"geometry": "geometry.slime6",
			"textures": [
				"Texture.slime6"
			],
			"ignore_lighting":true,
			"is_hurt_color":{},
			"on_fire_color":{},
			"light_color_multiplier":1.5
		},
		"controller.render.slime7": {
			"materials": [
				{
					"*": "Material.slime"
				}
			],
			"geometry": "geometry.slime7",
			"textures": [
				"Texture.slime7"
			],
			"ignore_lighting":true,
			"is_hurt_color":{},
			"on_fire_color":{},
			"light_color_multiplier":1.5
		},
		"controller.render.slime8": {
			"materials": [
				{
					"*": "Material.slime"
				}
			],
			"geometry": "geometry.slime8",
			"textures": [
				"Texture.slime8"
			],
			"ignore_lighting":true,
			"is_hurt_color":{},
			"on_fire_color":{},
			"light_color_multiplier":1.5
		},
		"controller.render.slime9": {
			"materials": [
				{
					"*": "Material.slime"
				}
			],
			"geometry": "geometry.slime9",
			"textures": [
				"Texture.slime9"
			],
			"ignore_lighting":true,
			"is_hurt_color":{},
			"on_fire_color":{},
			"light_color_multiplier":1.5
		},
		"controller.render.slime10": {
			"materials": [
				{
					"*": "Material.slime"
				}
			],
			"geometry": "geometry.slime10",
			"textures": [
				"Texture.slime10"
			],
			"ignore_lighting":true,
			"is_hurt_color":{},
			"on_fire_color":{},
			"light_color_multiplier":1.5
		},
		"controller.render.slime11": {
			"materials": [
				{
					"*": "Material.slime"
				}
			],
			"geometry": "geometry.slime11",
			"textures": [
				"Texture.slime11"
			],
			"ignore_lighting":true,
			"is_hurt_color":{},
			"on_fire_color":{},
			"light_color_multiplier":1.5
		},
		"controller.render.slime12": {
			"materials": [
				{
					"*": "Material.slime"
				}
			],
			"geometry": "geometry.slime12",
			"textures": [
				"Texture.slime12"
			],
			"ignore_lighting":true,
			"is_hurt_color":{},
			"on_fire_color":{},
			"light_color_multiplier":1.5
		},
		"controller.render.slime13": {
			"materials": [
				{
					"*": "Material.slime"
				}
			],
			"geometry": "geometry.slime13",
			"textures": [
				"Texture.slime13"
			],
			"ignore_lighting":true,
			"is_hurt_color":{},
			"on_fire_color":{},
			"light_color_multiplier":1.5
		},
		"controller.render.slime14": {
			"materials": [
				{
					"*": "Material.slime"
				}
			],
			"geometry": "geometry.slime14",
			"textures": [
				"Texture.slime14"
			],
			"ignore_lighting":true,
			"is_hurt_color":{},
			"on_fire_color":{},
			"light_color_multiplier":1.5
		},
		"controller.render.slime15": {
			"materials": [
				{
					"*": "Material.slime"
				}
			],
			"geometry": "geometry.slime15",
			"textures": [
				"Texture.slime15"
			],
			"ignore_lighting":true,
			"is_hurt_color":{},
			"on_fire_color":{},
			"light_color_multiplier":1.5
		},
		"controller.render.slime16": {
			"materials": [
				{
					"*": "Material.slime"
				}
			],
			"geometry": "geometry.slime16",
			"textures": [
				"Texture.slime16"
			],
			"ignore_lighting":true,
			"is_hurt_color":{},
			"on_fire_color":{},
			"light_color_multiplier":1.5
		},
		"controller.render.slime17": {
			"materials": [
				{
					"*": "Material.slime"
				}
			],
			"geometry": "geometry.slime17",
			"textures": [
				"Texture.slime17"
			],
			"ignore_lighting":true,
			"is_hurt_color":{},
			"on_fire_color":{},
			"light_color_multiplier":1.5
		},
		"controller.render.slime18": {
			"materials": [
				{
					"*": "Material.slime"
				}
			],
			"geometry": "geometry.slime18",
			"textures": [
				"Texture.slime18"
			],
			"ignore_lighting":true,
			"is_hurt_color":{},
			"on_fire_color":{},
			"light_color_multiplier":1.5
		},
		"controller.render.slime19": {
			"materials": [
				{
					"*": "Material.slime"
				}
			],
			"geometry": "geometry.slime19",
			"textures": [
				"Texture.slime19"
			],
			"ignore_lighting":true,
			"is_hurt_color":{},
			"on_fire_color":{},
			"light_color_multiplier":1.5
		},
		"controller.render.slime20": {
			"materials": [
				{
					"*": "Material.slime"
				}
			],
			"geometry": "geometry.slime20",
			"textures": [
				"Texture.slime20"
			],
			"ignore_lighting":true,
			"is_hurt_color":{},
			"on_fire_color":{},
			"light_color_multiplier":1.5
		},
		"controller.render.slime21": {
			"materials": [
				{
					"*": "Material.slime"
				}
			],
			"geometry": "geometry.slime21",
			"textures": [
				"Texture.slime21"
			],
			"ignore_lighting":true,
			"is_hurt_color":{},
			"on_fire_color":{},
			"light_color_multiplier":1.5
		},
		"controller.render.slime22": {
			"materials": [
				{
					"*": "Material.slime"
				}
			],
			"geometry": "geometry.slime22",
			"textures": [
				"Texture.slime22"
			],
			"ignore_lighting":true,
			"is_hurt_color":{},
			"on_fire_color":{},
			"light_color_multiplier":1.5
		},
		"controller.render.slime23": {
			"materials": [
				{
					"*": "Material.slime"
				}
			],
			"geometry": "geometry.slime23",
			"textures": [
				"Texture.slime23"
			],
			"ignore_lighting":true,
			"is_hurt_color":{},
			"on_fire_color":{},
			"light_color_multiplier":1.5
		},
		"controller.render.slime24": {
			"materials": [
				{
					"*": "Material.slime"
				}
			],
			"geometry": "geometry.slime24",
			"textures": [
				"Texture.slime24"
			],
			"ignore_lighting":true,
			"is_hurt_color":{},
			"on_fire_color":{},
			"light_color_multiplier":1.5
		},
		"controller.render.slime25": {
			"materials": [
				{
					"*": "Material.slime"
				}
			],
			"geometry": "geometry.slime25",
			"textures": [
				"Texture.slime25"
			],
			"ignore_lighting":true,
			"is_hurt_color":{},
			"on_fire_color":{},
			"light_color_multiplier":1.5
		}
	}
}