{
  "format_version": "1.8.0",
  "render_controllers": {
    "controller.render.creeper": {
      "arrays": {
        "textures": {
          "Array.skins": [
            "Texture.default",
            "Texture.wut"
          ]
        }
      },
      "geometry": "Geometry.default",
      "materials": [ { "*": "Material.default" } ],
      "textures": [ "Array.skins[query.has_target]" ],
      "overlay_color": {
          "r": "((variable.flash == 0.0) || (query.swelling_dir < 0.0)) ? this : 1.0",
          "g": "((variable.flash == 0.0) || (query.swelling_dir < 0.0)) ? this : 1.0",
          "b": "((variable.flash == 0.0) || (query.swelling_dir < 0.0)) ? this : 1.0",
          "a": "((variable.flash == 0.0) || (query.swelling_dir < 0.0)) ? this : 1.0"
      }
    }
  }
}
