{
	"format_version": "1.10.0",
	"animations": {
		"animation.shield.fox.scale": {
			"loop": true,
			"bones": {
				"shield": {
					"scale": [0.8, 0.8, 0.8]
				}
			}
		},
		"animation.shield.wield_first_person_blocking": {
			"loop": true,
			"bones": {
				"shield": {
					"position": [3, "c.item_slot != 'main_hand' ? 1.0 + q.shield_blocking_bob : 2.0", 2],
					"rotation": [0, 0, 10]
				}
			}
		},
		"animation.shield.wield_third_person": {
			"loop": true,
			"bones": {
				"shield": {
					"position": [-1, 9, "c.item_slot == 'main_hand' ? 8.5 : -16.5"],
					"rotation": [-90, 0, 90],
					"scale": [1, "c.item_slot == 'main_hand' ? -1.0 : 1.0", "c.item_slot == 'main_hand' ? -1.0 : 1.0"]
				}
			}
		},
		"animation.shield.fox.wield": {
			"loop": true,
			"bones": {
				"shield": {
					"rotation": [0, 0, 90],
					"position": [0, -3.5, -4.5],
					"scale": 0.45
				}
			}
		}
	}
}
