{
	"format_version": "1.8.0",
	"animations": {
		"animation.slime": {
			"loop": true,
			"bones": {
				"slime1_pivot": {
					"rotation":	[0,"v.chunk_align_pivot_fp",0],
					"scale":"16/15"
				},
				"slime1_pitch": {
					"rotation":	[0, 0, 0]//
				},
				"slime1":{
					"position":[
						"(-query.position(0)*16)-131072",
						"0",
						"(query.position(2)*16)+131072"
						],
						"rotation":	[0, 0, 0]
				},
				"slime2_pivot": {
					"rotation":	[0,"v.chunk_align_pivot_fp",0],
					"scale":"16/15"
				},
				"slime2_pitch": {
					"rotation":	[0, 0, 0]//
				},
				"slime2":{
					"position":[
						"(-query.position(0)*16)-131072",
						"0",
						"(query.position(2)*16)+65536"
						],
						"rotation":	[0, 0, 0]
				},
				"slime3_pivot": {
					"rotation":	[0,"v.chunk_align_pivot_fp",0],
					"scale":"16/15"
				},
				"slime3_pitch": {
					"rotation":	[0, 0, 0]//
				},
				"slime3":{
					"position":[
						"(-query.position(0)*16)-131072",
						"0",
						"(query.position(2)*16)"
						],
						"rotation":	[0, 0, 0]
				},
				"slime4_pivot": {
					"rotation":	[0,"v.chunk_align_pivot_fp",0],
					"scale":"16/15"
				},
				"slime4_pitch": {
					"rotation":	[0, 0, 0]//
				},
				"slime4":{
					"position":[
						"(-query.position(0)*16)-131072",
						"0",
						"(query.position(2)*16)-65536"
						],
						"rotation":	[0, 0, 0]
				},
				"slime5_pivot": {
					"rotation":	[0,"v.chunk_align_pivot_fp",0],
					"scale":"16/15"
				},
				"slime5_pitch": {
					"rotation":	[0, 0, 0]//
				},
				"slime5":{
					"position":[
						"(-query.position(0)*16)-131072",
						"0",
						"(query.position(2)*16)-131072"
						],
						"rotation":	[0, 0, 0]
				},
				"slime6_pivot": {
					"rotation":	[0,"v.chunk_align_pivot_fp",0],
					"scale":"16/15"
				},
				"slime6_pitch": {
					"rotation":	[0, 0, 0]//
				},
				"slime6":{
					"position":[
						"(-query.position(0)*16)-65536",
						"0",
						"(query.position(2)*16)+131072"
						],
						"rotation":	[0, 0, 0]
				},
				"slime7_pivot": {
					"rotation":	[0,"v.chunk_align_pivot_fp",0],
					"scale":"16/15"
				},
				"slime7_pitch": {
					"rotation":	[0, 0, 0]//
				},
				"slime7":{
					"position":[
						"(-query.position(0)*16)-65536",
						"0",
						"(query.position(2)*16)+65536"
						],
						"rotation":	[0, 0, 0]
				},
				"slime8_pivot": {
					"rotation":	[0,"v.chunk_align_pivot_fp",0],
					"scale":"16/15"
				},
				"slime8_pitch": {
					"rotation":	[0, 0, 0]//
				},
				"slime8":{
					"position":[
						"(-query.position(0)*16)-65536",
						"0",
						"(query.position(2)*16)"
						],
						"rotation":	[0, 0, 0]
				},
				"slime9_pivot": {
					"rotation":	[0,"v.chunk_align_pivot_fp",0],
					"scale":"16/15"
				},
				"slime9_pitch": {
					"rotation":	[0, 0, 0]//
				},
				"slime9":{
					"position":[
						"(-query.position(0)*16)-65536",
						"0",
						"(query.position(2)*16)-65536"
						],
						"rotation":	[0, 0, 0]
				},
				"slime10_pivot": {
					"rotation":	[0,"v.chunk_align_pivot_fp",0],
					"scale":"16/15"
				},
				"slime10_pitch": {
					"rotation":	[0, 0, 0]//
				},
				"slime10":{
					"position":[
						"(-query.position(0)*16)-65536",
						"0",
						"(query.position(2)*16)-131072"
						],
						"rotation":	[0, 0, 0]
				},
				"slime11_pivot": {
					"rotation":	[0,"v.chunk_align_pivot_fp",0],
					"scale":"16/15"
				},
				"slime11_pitch": {
					"rotation":	[0, 0, 0]//
				},
				"slime11":{
					"position":[
						"(-query.position(0)*16)",
						"0",
						"(query.position(2)*16)+131072"
						],
						"rotation":	[0, 0, 0]
				},
				"slime12_pivot": {
					"rotation":	[0,"v.chunk_align_pivot_fp",0],
					"scale":"16/15"
				},
				"slime12_pitch": {
					"rotation":	[0, 0, 0]//
				},
				"slime12":{
					"position":[
						"(-query.position(0)*16)",
						"0",
						"(query.position(2)*16)+65536"
						],
						"rotation":	[0, 0, 0]
				},
				"slime13_pivot": {
					"rotation":	[0,"v.chunk_align_pivot_fp",0],
					"scale":"16/15"
				},
				"slime13_pitch": {
					"rotation":	[0, 0, 0]//
				},
				"slime13":{
					"position":[
						"(-query.position(0)*16)",
						"0",
						"(query.position(2)*16)"
						],
						"rotation":	[0, 0, 0]
				},
				"slime14_pivot": {
					"rotation":	[0,"v.chunk_align_pivot_fp",0],
					"scale":"16/15"
				},
				"slime14_pitch": {
					"rotation":	[0, 0, 0]//
				},
				"slime14":{
					"position":[
						"(-query.position(0)*16)",
						"0",
						"(query.position(2)*16)-65536"
						],
						"rotation":	[0, 0, 0]
				},
				"slime15_pivot": {
					"rotation":	[0,"v.chunk_align_pivot_fp",0],
					"scale":"16/15"
				},
				"slime15_pitch": {
					"rotation":	[0, 0, 0]//
				},
				"slime15":{
					"position":[
						"(-query.position(0)*16)",
						"0",
						"(query.position(2)*16)-131072"
						],
						"rotation":	[0, 0, 0]
				},
				"slime16_pivot": {
					"rotation":	[0,"v.chunk_align_pivot_fp",0],
					"scale":"16/15"
				},
				"slime16_pitch": {
					"rotation":	[0, 0, 0]//
				},
				"slime16":{
					"position":[
						"(-query.position(0)*16)+65536",
						"0",
						"(query.position(2)*16)+131072"
						],
						"rotation":	[0, 0, 0]
				},
				"slime17_pivot": {
					"rotation":	[0,"v.chunk_align_pivot_fp",0],
					"scale":"16/15"
				},
				"slime17_pitch": {
					"rotation":	[0, 0, 0]//
				},
				"slime17":{
					"position":[
						"(-query.position(0)*16)+65536",
						"0",
						"(query.position(2)*16)+65536"
						],
						"rotation":	[0, 0, 0]
				},
				"slime18_pivot": {
					"rotation":	[0,"v.chunk_align_pivot_fp",0],
					"scale":"16/15"
				},
				"slime18_pitch": {
					"rotation":	[0, 0, 0]//
				},
				"slime18":{
					"position":[
						"(-query.position(0)*16)+65536",
						"0",
						"(query.position(2)*16)"
						],
						"rotation":	[0, 0, 0]
				},
				"slime19_pivot": {
					"rotation":	[0,"v.chunk_align_pivot_fp",0],
					"scale":"16/15"
				},
				"slime19_pitch": {
					"rotation":	[0, 0, 0]//
				},
				"slime19":{
					"position":[
						"(-query.position(0)*16)+65536",
						"0",
						"(query.position(2)*16)-65536"
						],
						"rotation":	[0, 0, 0]
				},
				"slime20_pivot": {
					"rotation":	[0,"v.chunk_align_pivot_fp",0],
					"scale":"16/15"
				},
				"slime20_pitch": {
					"rotation":	[0, 0, 0]//
				},
				"slime20":{
					"position":[
						"(-query.position(0)*16)+65536",
						"0",
						"(query.position(2)*16)-131072"
						],
						"rotation":	[0, 0, 0]
				},
				"slime21_pivot": {
					"rotation":	[0,"v.chunk_align_pivot_fp",0],
					"scale":"16/15"
				},
				"slime21_pitch": {
					"rotation":	[0, 0, 0]//
				},
				"slime21":{
					"position":[
						"(-query.position(0)*16)+131072",
						"0",
						"(query.position(2)*16)+131072"
						],
						"rotation":	[0, 0, 0]
				},
				"slime22_pivot": {
					"rotation":	[0,"v.chunk_align_pivot_fp",0],
					"scale":"16/15"
				},
				"slime22_pitch": {
					"rotation":	[0, 0, 0]//
				},
				"slime22":{
					"position":[
						"(-query.position(0)*16)+131072",
						"0",
						"(query.position(2)*16)+65536"
						],
						"rotation":	[0, 0, 0]
				},
				"slime23_pivot": {
					"rotation":	[0,"v.chunk_align_pivot_fp",0],
					"scale":"16/15"
				},
				"slime23_pitch": {
					"rotation":	[0, 0, 0]//
				},
				"slime23":{
					"position":[
						"(-query.position(0)*16)+131072",
						"0",
						"(query.position(2)*16)"
						],
						"rotation":	[0, 0, 0]
				},
				"slime24_pivot": {
					"rotation":	[0,"v.chunk_align_pivot_fp",0],
					"scale":"16/15"
				},
				"slime24_pitch": {
					"rotation":	[0, 0, 0]//
				},
				"slime24":{
					"position":[
						"(-query.position(0)*16)+131072",
						"0",
						"(query.position(2)*16)-65536"
						],
						"rotation":	[0, 0, 0]
				},
				"slime25_pivot": {
					"rotation":	[0,"v.chunk_align_pivot_fp",0],
					"scale":"16/15"
				},
				"slime25_pitch": {
					"rotation":	[0, 0, 0]//
				},
				"slime25":{
					"position":[
						"(-query.position(0)*16)+131072",
						"0",
						"(query.position(2)*16)-131072"
						],
						"rotation":	[0, 0, 0]
				}
			}
		}
	}
}