{
  "format_version": "1.10.0",
  "minecraft:client_entity": {
    "description": {
      "identifier": "minecraft:cow",
      "min_engine_version": "1.8.0",
      "materials": { 
	    "default": "cow",
		"overlay": "entity_alphatest"
	  },
      "textures": {
        "default": "textures/entity/cow/cow",
		"super_cow": "textures/entity/cow/super_cow",
		"cow_kent": "textures/entity/cow/cow_kent"
      },
      "geometry": {
        "default": "geometry.cow.v1.8",
		"super_cow": "geometry.super_cow",
		"cow_kent": "geometry.cow_kent"
      },
      "animations": {
        "setup": "animation.cow.setup",
        "walk": "animation.quadruped.walk",
        "look_at_target": "animation.common.look_at_target",
        "baby_transform": "animation.cow.baby_transform"
      },
      "scripts": {
        "animate": [
          "setup",
          { "walk": "query.modified_move_speed" },
          "look_at_target",
          { "baby_transform": "query.is_baby" }
        ]
      },
      "render_controllers": [ 
		"controller.render.cow",
		"controller.render.cow.super_cow",
		"controller.render.cow.cow_kent"
	  ],
      "spawn_egg": {
        "texture": "spawn_egg",
        "texture_index": 1
      }
    }
  }
}