{
	"format_version": [1, 1, 0],
	"grass": {
		"isotropic": {
			"up": false,
			"down": false
		},
		"textures": {
			"up": "grass_top",
			"down": "grass_bottom",
			"side": "grass_side"
		},
		"carried_textures": {
			"up": "grass_carried_top",
			"down": "grass_carried_bottom",
			"side": "grass_carried"
		},
		"sound": "grass"
	},
	"sticky_piston": {
		"carried_textures": {
			"down": "piston_bottom",
			"side": "piston_side_sticky",
			"up": "piston_top_sticky"
		},
		"sound": "stone",
		"textures": {
			"down": "piston_bottom",
			"side": "piston_side_sticky",
			"up": "piston_top"
		}
	}
}