{
	"format_version": "1.12.0",
	"minecraft:geometry": [
		{
			"description": {
				"identifier": "geometry.cow_kent",
				"texture_width": 64,
				"texture_height": 64,
				"visible_bounds_width": 3,
				"visible_bounds_height": 3.5,
				"visible_bounds_offset": [0, 1.25, 0]
			},
			"bones": [
				{
					"name": "body",
					"pivot": [0, 19, 2],
					"cubes": [
						{"origin": [-6, 11, -5], "size": [12, 18, 10], "inflate": 0.25, "pivot": [0, 19, 2], "rotation": [90, 0, 0], "uv": [18, 4]},
						{"origin": [-6, 11, -5], "size": [12, 18, 10], "inflate": 0.5, "pivot": [0, 19, 2], "rotation": [90, 0, 0], "uv": [18, 36]}
					]
				},
				{
					"name": "head",
					"parent": "body",
					"pivot": [0, 20, -8],
					"cubes": [
						{"origin": [-4, 16, -14], "size": [8, 8, 6], "inflate": 0.25, "uv": [0, 0]}
					]
				},
				{
					"name": "leg0",
					"parent": "body",
					"pivot": [-4, 12, 7],
					"cubes": [
						{"origin": [-6, 0, 5], "size": [4, 12, 4], "inflate": 0.25, "uv": [0, 48]}
					]
				},
				{
					"name": "leg1",
					"parent": "body",
					"pivot": [4, 12, 7],
					"cubes": [
						{"origin": [2, 0, 5], "size": [4, 12, 4], "inflate": 0.25, "uv": [0, 48], "mirror": true}
					]
				},
				{
					"name": "leg2",
					"parent": "body",
					"pivot": [-4, 12, -6],
					"cubes": [
						{"origin": [-6, 0, -7], "size": [4, 12, 4], "inflate": 0.25, "uv": [0, 16]},
						{"origin": [-6, 0, -7], "size": [4, 12, 4], "inflate": 0.5, "uv": [0, 48]}
					]
				},
				{
					"name": "leg3",
					"parent": "body",
					"pivot": [4, 12, -6],
					"cubes": [
						{"origin": [2, 0, -7], "size": [4, 12, 4], "inflate": 0.25, "uv": [0, 16], "mirror": true},
						{"origin": [2, 0, -7], "size": [4, 12, 4], "inflate": 0.5, "uv": [0, 48], "mirror": true}
					]
				}
			]
		}
	]
}