{
	"format_version": "1.12.0",
	"minecraft:geometry": [
		{
			"description": {
				"identifier": "geometry.spyglass_headband.fox",
				"texture_width": 16,
				"texture_height": 16,
				"visible_bounds_width": 3,
				"visible_bounds_height": 2.5,
				"visible_bounds_offset": [0, 0.75, 0]
			},
			"bones": [
				{
					"name": "world",
					"pivot": [0, 0, 0]
				},
				{
					"name": "root",
					"parent": "world",
					"pivot": [0, 0, 0]
				},
				{
					"name": "body",
					"parent": "root",
					"pivot": [0, 8, 0]
				},
				{
					"name": "head",
					"parent": "body",
					"pivot": [0, 8, -3]
				},
				{
					"name": "headband",
					"parent": "head",
					"pivot": [0, 8, -3],
					"cubes": [
						{
							"origin": [-4, 8, -9],
							"size": [8, 1, 6],
							"inflate": 0.125,
							"pivot": [0, 8.5, -6],
							"rotation": [-5, 0, 0],
							"uv": {
								"north": {"uv": [0, 0], "uv_size": [8, 1]},
								"east": {"uv": [0, 1], "uv_size": [6, 1]},
								"south": {"uv": [0, 0], "uv_size": [8, 1]},
								"west": {"uv": [1, 1], "uv_size": [6, 1]}
							}
						}
					]
				}
			]
		}
	]
}