{
  "format_version": "1.16.0",
  "minecraft:geometry": [
    {
      "description": {
        "identifier": "geometry.shield.fox",
        "texture_width": 64,
        "texture_height": 64
      },
      "bones": [
        {
          "name": "head",
          "pivot": [0, 8, -3]
        },
        {
          "name": "shield",
          "parent": "head",
          "pivot": [0, 8, -3],
          "cubes": [
            {"origin": [-1, 5, -14], "size": [2, 6, 6], "uv": [26, 0]},
            {"origin": [-6, -3, -15], "size": [12, 22, 1], "uv": [0, 0]}
          ]
        }
      ]
    }
  ]
}
