{
	"format_version": "1.12.0",
	"minecraft:geometry": [
		{
			"description": {
				"identifier": "geometry.fox.armor.leggings",
				"texture_width": 64,
				"texture_height": 32,
				"visible_bounds_width": 3,
				"visible_bounds_height": 2.5,
				"visible_bounds_offset": [0, 0.75, 0]
			},
			"bones": [
				{
					"name": "world",
					"pivot": [0, 0, 0]
				},
				{
					"name": "root",
					"parent": "world",
					"pivot": [0, 0, 0]
				},
				{
					"name": "body",
					"parent": "root",
					"pivot": [0, 8, 0],
					"cubes": [
						{
							"origin": [-3, 0, -3],
							"size": [6, 11, 6],
							"inflate": 0.1,
							"pivot": [0, 8, 0],
							"rotation": [90, 0, 0],
							"uv": {
								"north": {"uv": [20, 20], "uv_size": [8, 12]},
								"east": {"uv": [16, 20], "uv_size": [4, 12]},
								"south": {"uv": [32, 20], "uv_size": [8, 12]},
								"west": {"uv": [28, 20], "uv_size": [4, 12]},
								"up": {"uv": [28, 20], "uv_size": [-8, -4]},
								"down": {"uv": [40, 31], "uv_size": [-8, -4]}
							}
						}
					]
				},
				{
					"name": "head",
					"parent": "body",
					"pivot": [0, 8, -3]
				},
				{
					"name": "leg0",
					"parent": "body",
					"pivot": [-3, 6, 6],
					"cubes": [
						{
							"origin": [-3.005, 0, 5],
							"size": [2, 6, 2],
							"inflate": 0.1,
							"uv": {
								"north": {"uv": [4, 20], "uv_size": [4, 12]},
								"east": {"uv": [0, 20], "uv_size": [4, 12]},
								"south": {"uv": [12, 20], "uv_size": [4, 12]},
								"west": {"uv": [8, 20], "uv_size": [4, 12]},
								"up": {"uv": [8, 20], "uv_size": [-4, -4]},
								"down": {"uv": [12, 20], "uv_size": [-4, -4]}
							}
						}
					]
				},
				{
					"name": "leg1",
					"parent": "body",
					"pivot": [1, 6, 6],
					"cubes": [
						{
							"origin": [1.005, 0, 5],
							"size": [2, 6, 2],
							"inflate": 0.1,
							"uv": {
								"north": {"uv": [8, 20], "uv_size": [-4, 12]},
								"east": {"uv": [12, 20], "uv_size": [-4, 12]},
								"south": {"uv": [16, 20], "uv_size": [-4, 12]},
								"west": {"uv": [4, 20], "uv_size": [-4, 12]},
								"up": {"uv": [4, 20], "uv_size": [4, -4]},
								"down": {"uv": [8, 20], "uv_size": [4, -4]}
							}
						}
					]
				},
				{
					"name": "leg2",
					"parent": "body",
					"pivot": [-3, 6, -1]
				},
				{
					"name": "leg3",
					"parent": "body",
					"pivot": [1, 6, -1]
				}
			]
		}
	]
}