{
	"format_version": "1.16.0",
	"minecraft:geometry": [
		{
			"description": {
				"identifier": "geometry.trident.fox",
				"texture_width": 32,
				"texture_height": 32
			},
			"bones": [
				{
					"name": "head",
					"pivot": [0, 8, -3]
				},
				{
					"name": "pole",
					"parent": "head",
					"pivot": [0, 8, -3],
					"cubes": [
						{"origin": [-0.5, -7, -3.5], "size": [1, 31, 1], "inflate": 0.01, "uv": [0, 0]},
						{"origin": [-1.5, 18, -3.5], "size": [3, 2, 1], "uv": [4, 0]},
						{"origin": [-2.5, 19, -3.5], "size": [1, 4, 1], "uv": [4, 3]},
						{"origin": [1.5, 19, -3.5], "size": [1, 4, 1], "uv": [4, 3]}
					]
				}
			]
		}
	]
}