{
	"format_version": "1.12.0",
	"minecraft:geometry": [
		{
			"description": {
				"identifier": "geometry.spyglass.fox",
				"texture_width": 16,
				"texture_height": 16,
				"visible_bounds_width": 3,
				"visible_bounds_height": 2.5,
				"visible_bounds_offset": [0, 0.75, 0]
			},
			"bones": [
				{
					"name": "world",
					"pivot": [0, 0, 0]
				},
				{
					"name": "root",
					"parent": "world",
					"pivot": [0, 0, 0]
				},
				{
					"name": "body",
					"parent": "root",
					"pivot": [0, 8, 0]
				},
				{
					"name": "head",
					"parent": "body",
					"pivot": [0, 8, -3]
				},
				{
					"name": "goggles",
					"parent": "head",
					"pivot": [0, 8, -3],
					"cubes": [
						{
							"origin": [-4, 7.5, -10],
							"size": [2, 2, 1],
							"inflate": 0.25,
							"pivot": [0, 8.5, -6],
							"rotation": [-5, 0, 0],
							"uv": {
								"north": {"uv": [0, 2], "uv_size": [2, 2]},
								"east": {"uv": [11, 2], "uv_size": [1, 2]},
								"south": {"uv": [8, 2], "uv_size": [2, 2]},
								"west": {"uv": [3, 2], "uv_size": [1, 2]},
								"up": {"uv": [5, 2], "uv_size": [-2, -1]},
								"down": {"uv": [5, 1], "uv_size": [-2, -1]}
							}
						},
						{
							"origin": [2, 7.5, -10],
							"size": [2, 2, 1],
							"inflate": 0.25,
							"pivot": [0, 8.5, -6],
							"rotation": [-5, 0, 0],
							"uv": {
								"north": {"uv": [0, 2], "uv_size": [2, 2]},
								"east": {"uv": [11, 2], "uv_size": [1, 2]},
								"south": {"uv": [8, 2], "uv_size": [2, 2]},
								"west": {"uv": [3, 2], "uv_size": [1, 2]},
								"up": {"uv": [5, 2], "uv_size": [-2, -1]},
								"down": {"uv": [5, 1], "uv_size": [-2, -1]}
							}
						}
					]
				}
			]
		}
	]
}