{
	"format_version": "1.16.0",
	"minecraft:geometry": [
		{
			"description": {
				"identifier": "geometry.crossbow.fox",
				"texture_width": 16.0,
				"texture_height": 16.0
			},
			"bones": [
				{
					"name": "head",
					"pivot": [0, 8, -3]
				},
				{
					"name": "crossbow",
					"parent": "head",
					"texture_meshes": [
						{
							"local_pivot" : [ 6.0, 0.0, 6.0 ],
							"position" : [ 0.0, -3.5, -7.5 ],
							"rotation": [ 90.0, 180.0, 45.0 ],
							"texture": "default"
						}
					]
				}
			]
		}
	]
}
