{
	"format_version": "1.12.0",
	"minecraft:geometry": [
		{
			"description": {
				"identifier": "geometry.henry",
				"texture_width": 64,
				"texture_height": 32,
				"visible_bounds_width": 2,
				"visible_bounds_height": 2.5,
				"visible_bounds_offset": [0, 0.75, 0]
			},
			"bones": [
				{
					"name": "body",
					"pivot": [0, 8, 0],
					"cubes": [
						{"origin": [-3, 4, -3], "size": [6, 8, 6], "inflate": 0.25, "pivot": [0, 8, 0], "rotation": [90, 0, 0], "uv": [0, 9]}
					]
				},
				{
					"name": "head",
					"pivot": [0, 9, -4],
					"cubes": [
						{"origin": [-2, 14.5, -6], "size": [4, 1, 3], "inflate": 0.25, "uv": [39, 3]},
						{"origin": [-2, 14.5, -8.5], "size": [4, 0, 7], "uv": [34, 10]}
					]
				},
				{
					"name": "wing0",
					"pivot": [-3, 11, 0],
					"cubes": [
						{"origin": [-4, 7, -3], "size": [1, 4, 6], "inflate": 0.25, "uv": [24, 13]}
					]
				},
				{
					"name": "wing1",
					"pivot": [3, 11, 0],
					"cubes": [
						{"origin": [3, 7, -3], "size": [1, 4, 6], "inflate": 0.25, "uv": [24, 13]}
					]
				}
			]
		}
	]
}