{
	"format_version": "1.8.0",
	"geometry.magma_helmet": {
		"texturewidth": 64,
		"textureheight": 32,
		"visible_bounds_width": 3,
		"visible_bounds_height": 5,
		"visible_bounds_offset": [0, 0, 0],
		"bones": [
			{
				"name": "insideCube",
				"pivot": [0, 0, 0]
			},
			{
				"name": "bodyCube_0",
				"parent": "insideCube",
				"pivot": [0, 24, 0]
			},
			{
				"name": "helmet",
				"parent": "bodyCube_0",
				"pivot": [0, 24, 0],
				"cubes": [
					{"origin": [-4, 0, -4], "size": [8, 8, 8], "uv": [0, 0], "inflate": 0.25}
				]
			},
			{
				"name": "visor",
				"parent": "helmet",
				"pivot": [0, 6, 0],
				"rotation": [-30, 0, 0],
				"cubes": [
					{"origin": [-4, 4, -5], "size": [8, 4, 4], "uv": [0, 16], "inflate": 0.3}
				]
			},
			{
				"name": "plume",
				"parent": "helmet",
				"pivot": [0, 24, 0],
				"cubes": [
					{"origin": [0, 5, 1], "size": [0, 8, 8], "uv": [32, 0]}
				]
			},
			{
				"name": "bodyCube_1",
				"parent": "insideCube",
				"pivot": [0, 24, 0]
			},
			{
				"name": "bodyCube_2",
				"parent": "insideCube",
				"pivot": [0, 24, 0]
			},
			{
				"name": "bodyCube_3",
				"parent": "insideCube",
				"pivot": [0, 24, 0]
			},
			{
				"name": "bodyCube_4",
				"parent": "insideCube",
				"pivot": [0, 24, 0]
			},
			{
				"name": "bodyCube_5",
				"parent": "insideCube",
				"pivot": [0, 24, 0]
			},
			{
				"name": "bodyCube_6",
				"parent": "insideCube",
				"pivot": [0, 24, 0]
			},
			{
				"name": "bodyCube_7",
				"parent": "insideCube",
				"pivot": [0, 24, 0]
			}
		]
	}
}