{
	"format_version": "1.8.0",
	"geometry.slime.helmet": {
		"texturewidth": 64,
		"textureheight": 32,
		"visible_bounds_width": 3,
		"visible_bounds_height": 1,
		"visible_bounds_offset": [0, 0, 0],
		"bones": [
			{
				"name": "cube",
				"pivot": [0, 24, 0]
			},
			{
				"name": "eye0",
				"parent": "cube",
				"pivot": [0, 24, 0]
			},
			{
				"name": "eye1",
				"parent": "cube",
				"pivot": [0, 24, 0]
			},
			{
				"name": "mouth",
				"parent": "cube",
				"pivot": [0, 24, 0]
			},
			{
				"name": "helmet",
				"parent": "cube",
				"pivot": [0, 24, 0],
				"cubes": [
					{"origin": [-4, 0, -4], "size": [8, 8, 8], "uv": [0, 0], "inflate": 0.25}
				]
			},
			{
				"name": "visor",
				"parent": "helmet",
				"pivot": [0, 6, 0],
				"rotation": [-30, 0, 0],
				"cubes": [
					{"origin": [-4, 4, -5], "size": [8, 4, 4], "uv": [0, 16], "inflate": 0.3}
				]
			},
			{
				"name": "plume",
				"parent": "helmet",
				"pivot": [0, 24, 0],
				"cubes": [
					{"origin": [0, 5, 1], "size": [0, 8, 8], "uv": [32, 0]}
				]
			}
		]
	}
}