{
	"format_version": "1.12.0",
	"minecraft:geometry": [
		{
			"description": {
				"identifier": "geometry.chunk",
				"texture_width": 16,
				"texture_height": 16,
				"visible_bounds_width": 18,
				"visible_bounds_height": 17.5,
				"visible_bounds_offset": [0, 8.25, 0]
			},
			"bones": [
				{
					"name":"chunk_pivot",
					"pivot": [0, 0, 0]
				},
				{
					"name":"chunk_pitch",
					"parent": "chunk_pivot",
					"pivot": [0, 0, 0]
					
				},
				
				{
					"name": "chunk",
					"parent": "chunk_pitch",
					"pivot": [0, 0, 0]
				},
				{
					"name": "side1",
					"parent": "chunk",
					"pivot": [0, 0, 0]
				},
				{
					"name": "vert",
					"parent": "side1",
					"pivot": [0, 0, 0],
					"cubes": [
						{"origin": [95, 0, -128], "size": [0.2, 256, 0.2 ], "uv": [0, 0]},
						{"origin": [63, 0, -128], "size": [0.2, 256, 0.2 ], "uv": [0, 0]},
						{"origin": [31, 0, -128], "size": [0.2, 256, 0.2 ], "uv": [0, 0]},
						{"origin": [-1, 0, -128], "size": [0.2, 256, 0.2 ], "uv": [0, 0]},
						{"origin": [-33, 0, -128], "size": [0.2, 256, 0.2 ], "uv": [0, 0]},
						{"origin": [-65, 0, -128], "size": [0.2, 256, 0.2 ], "uv": [0, 0]},
						{"origin": [-97, 0, -128], "size": [0.2, 256, 0.2 ], "uv": [0, 0]},
						{"origin": [-128, 0, -128], "size": [0.2, 256, 0.2 ], "uv": [0, 0]}
					]
				},
				{
					"name": "horz",
					"parent": "side1",
					"pivot": [0, 128, 0],
					"rotation": [0, 0, 90],
					"cubes": [
						{"origin": [95, 0, -128], "size": [0.2, 256, 0.2 ], "uv": [0, 0]},
						{"origin": [63, 0, -128], "size": [0.2, 256, 0.2 ], "uv": [0, 0]},
						{"origin": [31, 0, -128], "size": [0.2, 256, 0.2 ], "uv": [0, 0]},
						{"origin": [-1, 0, -128], "size": [0.2, 256, 0.2 ], "uv": [0, 0]},
						{"origin": [-33, 0, -128], "size": [0.2, 256, 0.2 ], "uv": [0, 0]},
						{"origin": [-65, 0, -128], "size": [0.2, 256, 0.2 ], "uv": [0, 0]},
						{"origin": [-97, 0, -128], "size": [0.2, 256, 0.2 ], "uv": [0, 0]},
						{"origin": [-128, 0, -128], "size": [0.2, 256, 0.2 ], "uv": [0, 0]}
					]
				},
				{
					"name": "side2",
					"parent": "chunk",
					"pivot": [0, 0, 0],
					"rotation": [0, -90, 0]
				},
				{
					"name": "vert2",
					"parent": "side2",
					"pivot": [0, 0, 0],
					"cubes": [
						{"origin": [95, 0, -128], "size": [0.2, 256, 0.2 ], "uv": [0, 0]},
						{"origin": [63, 0, -128], "size": [0.2, 256, 0.2 ], "uv": [0, 0]},
						{"origin": [31, 0, -128], "size": [0.2, 256, 0.2 ], "uv": [0, 0]},
						{"origin": [-1, 0, -128], "size": [0.2, 256, 0.2 ], "uv": [0, 0]},
						{"origin": [-33, 0, -128], "size": [0.2, 256, 0.2 ], "uv": [0, 0]},
						{"origin": [-65, 0, -128], "size": [0.2, 256, 0.2 ], "uv": [0, 0]},
						{"origin": [-97, 0, -128], "size": [0.2, 256, 0.2 ], "uv": [0, 0]},
						{"origin": [-128, 0, -128], "size": [0.2, 256, 0.2 ], "uv": [0, 0]}
					]
				},
				{
					"name": "horz2",
					"parent": "side2",
					"pivot": [0, 128, 0],
					"rotation": [0, 0, 90],
					"cubes": [
						{"origin": [95, 0, -128], "size": [0.2, 256, 0.2 ], "uv": [0, 0]},
						{"origin": [63, 0, -128], "size": [0.2, 256, 0.2 ], "uv": [0, 0]},
						{"origin": [31, 0, -128], "size": [0.2, 256, 0.2 ], "uv": [0, 0]},
						{"origin": [-1, 0, -128], "size": [0.2, 256, 0.2 ], "uv": [0, 0]},
						{"origin": [-33, 0, -128], "size": [0.2, 256, 0.2 ], "uv": [0, 0]},
						{"origin": [-65, 0, -128], "size": [0.2, 256, 0.2 ], "uv": [0, 0]},
						{"origin": [-97, 0, -128], "size": [0.2, 256, 0.2 ], "uv": [0, 0]},
						{"origin": [-128, 0, -128], "size": [0.2, 256, 0.2 ], "uv": [0, 0]}
					]
				},
				{
					"name": "side3",
					"parent": "chunk",
					"pivot": [0, 0, 0],
					"rotation": [0, 180, 0]
				},
				{
					"name": "vert3",
					"parent": "side3",
					"pivot": [0, 0, 0],
					"cubes": [
						{"origin": [97, 0, -128], "size": [0.2, 256, 0.2 ], "uv": [0, 0]},
						{"origin": [65, 0, -128], "size": [0.2, 256, 0.2 ], "uv": [0, 0]},
						{"origin": [33, 0, -128], "size": [0.2, 256, 0.2 ], "uv": [0, 0]},
						{"origin": [1, 0, -128], "size": [0.2, 256, 0.2 ], "uv": [0, 0]},
						{"origin": [-31, 0, -128], "size": [0.2, 256, 0.2 ], "uv": [0, 0]},
						{"origin": [-63, 0, -128], "size": [0.2, 256, 0.2 ], "uv": [0, 0]},
						{"origin": [-95, 0, -128], "size": [0.2, 256, 0.2 ], "uv": [0, 0]},
						{"origin": [-128, 0, -128], "size": [0.2, 256, 0.2 ], "uv": [0, 0]}
					]
				},
				{
					"name": "horz3",
					"parent": "side3",
					"pivot": [0, 128, 0],
					"rotation": [0, 0, 90],
					"cubes": [
						{"origin": [95, 0, -128], "size": [0.2, 256, 0.2 ], "uv": [0, 0]},
						{"origin": [63, 0, -128], "size": [0.2, 256, 0.2 ], "uv": [0, 0]},
						{"origin": [31, 0, -128], "size": [0.2, 256, 0.2 ], "uv": [0, 0]},
						{"origin": [-1, 0, -128], "size": [0.2, 256, 0.2 ], "uv": [0, 0]},
						{"origin": [-33, 0, -128], "size": [0.2, 256, 0.2 ], "uv": [0, 0]},
						{"origin": [-65, 0, -128], "size": [0.2, 256, 0.2 ], "uv": [0, 0]},
						{"origin": [-97, 0, -128], "size": [0.2, 256, 0.2 ], "uv": [0, 0]},
						{"origin": [-128, 0, -128], "size": [0.2, 256, 0.2 ], "uv": [0, 0]}
					]
				},
				{
					"name": "side4",
					"parent": "chunk",
					"pivot": [0, 0, 0],
					"rotation": [0, 90, 0]
				},
				{
					"name": "vert4",
					"parent": "side4",
					"pivot": [0, 0, 0],
					"cubes": [
						{"origin": [97, 0, -128], "size": [0.2, 256, 0.2 ], "uv": [0, 0]},
						{"origin": [65, 0, -128], "size": [0.2, 256, 0.2 ], "uv": [0, 0]},
						{"origin": [33, 0, -128], "size": [0.2, 256, 0.2 ], "uv": [0, 0]},
						{"origin": [1, 0, -128], "size": [0.2, 256, 0.2 ], "uv": [0, 0]},
						{"origin": [-31, 0, -128], "size": [0.2, 256, 0.2 ], "uv": [0, 0]},
						{"origin": [-63, 0, -128], "size": [0.2, 256, 0.2 ], "uv": [0, 0]},
						{"origin": [-95, 0, -128], "size": [0.2, 256, 0.2 ], "uv": [0, 0]},
						{"origin": [-128, 0, -128], "size": [0.2, 256, 0.2 ], "uv": [0, 0]}
					]
				},
				{
					"name": "horz4",
					"parent": "side4",
					"pivot": [0, 128, 0],
					"rotation": [0, 0, 90],
					"cubes": [
						{"origin": [95, 0, -128], "size": [0.2, 256, 0.2 ], "uv": [0, 0]},
						{"origin": [63, 0, -128], "size": [0.2, 256, 0.2 ], "uv": [0, 0]},
						{"origin": [31, 0, -128], "size": [0.2, 256, 0.2 ], "uv": [0, 0]},
						{"origin": [-1, 0, -128], "size": [0.2, 256, 0.2 ], "uv": [0, 0]},
						{"origin": [-33, 0, -128], "size": [0.2, 256, 0.2 ], "uv": [0, 0]},
						{"origin": [-65, 0, -128], "size": [0.2, 256, 0.2 ], "uv": [0, 0]},
						{"origin": [-97, 0, -128], "size": [0.2, 256, 0.2 ], "uv": [0, 0]},
						{"origin": [-128, 0, -128], "size": [0.2, 256, 0.2 ], "uv": [0, 0]}
					]
				},
				{
					"name": "Top",
					"parent": "chunk",
					"pivot": [0, 128, 0],
					"rotation": [-90, 0, 0]
				},
				{
					"name": "vert5",
					"parent": "Top",
					"pivot": [0, 0, 0],
					"cubes": [
						{"origin": [95, 0, -128], "size": [0.2, 256, 0.2 ], "uv": [0, 0]},
						{"origin": [63, 0, -128], "size": [0.2, 256, 0.2 ], "uv": [0, 0]},
						{"origin": [31, 0, -128], "size": [0.2, 256, 0.2 ], "uv": [0, 0]},
						{"origin": [-1, 0, -128], "size": [0.2, 256, 0.2 ], "uv": [0, 0]},
						{"origin": [-33, 0, -128], "size": [0.2, 256, 0.2 ], "uv": [0, 0]},
						{"origin": [-65, 0, -128], "size": [0.2, 256, 0.2 ], "uv": [0, 0]},
						{"origin": [-97, 0, -128], "size": [0.2, 256, 0.2 ], "uv": [0, 0]}
					]
				},
				{
					"name": "horz5",
					"parent": "Top",
					"pivot": [0, 128, 0],
					"rotation": [0, 0, 90],
					"cubes": [
						{"origin": [97, 0, -128], "size": [0.2, 256, 0.2 ], "uv": [0, 0]},
						{"origin": [65, 0, -128], "size": [0.2, 256, 0.2 ], "uv": [0, 0]},
						{"origin": [33, 0, -128], "size": [0.2, 256, 0.2 ], "uv": [0, 0]},
						{"origin": [1, 0, -128], "size": [0.2, 256, 0.2 ], "uv": [0, 0]},
						{"origin": [-31, 0, -128], "size": [0.2, 256, 0.2 ], "uv": [0, 0]},
						{"origin": [-63, 0, -128], "size": [0.2, 256, 0.2 ], "uv": [0, 0]},
						{"origin": [-95, 0, -128], "size": [0.2, 256, 0.2 ], "uv": [0, 0]}
					]
				},
				{
					"name": "Bottom",
					"parent": "chunk",
					"pivot": [0, 128, 0],
					"rotation": [90, 0, 0]
				},
				{
					"name": "vert6",
					"parent": "Bottom",
					"pivot": [0, 0, 0],
					"cubes": [
						{"origin": [128, 0, -128], "size": [0.2, 256, 0.2 ], "uv": [0, 0]},
						{"origin": [95, 0, -128], "size": [0.2, 256, 0.2 ], "uv": [0, 0]},
						{"origin": [63, 0, -128], "size": [0.2, 256, 0.2 ], "uv": [0, 0]},
						{"origin": [31, 0, -128], "size": [0.2, 256, 0.2 ], "uv": [0, 0]},
						{"origin": [-1, 0, -128], "size": [0.2, 256, 0.2 ], "uv": [0, 0]},
						{"origin": [-33, 0, -128], "size": [0.2, 256, 0.2 ], "uv": [0, 0]},
						{"origin": [-65, 0, -128], "size": [0.2, 256, 0.2 ], "uv": [0, 0]},
						{"origin": [-97, 0, -128], "size": [0.2, 256, 0.2 ], "uv": [0, 0]},
						{"origin": [-128, 0, -128], "size": [0.2, 256, 0.2 ], "uv": [0, 0]}
					]
				},
				{
					"name": "horz6",
					"parent": "Bottom",
					"pivot": [0, 128, 0],
					"rotation": [0, 0, 90],
					"cubes": [
						{"origin": [128, 0, -128], "size": [0.2, 256, 0.2 ], "uv": [0, 0]},
						{"origin": [95, 0, -128], "size": [0.2, 256, 0.2 ], "uv": [0, 0]},
						{"origin": [63, 0, -128], "size": [0.2, 256, 0.2 ], "uv": [0, 0]},
						{"origin": [31, 0, -128], "size": [0.2, 256, 0.2 ], "uv": [0, 0]},
						{"origin": [-1, 0, -128], "size": [0.2, 256, 0.2 ], "uv": [0, 0]},
						{"origin": [-33, 0, -128], "size": [0.2, 256, 0.2 ], "uv": [0, 0]},
						{"origin": [-65, 0, -128], "size": [0.2, 256, 0.2 ], "uv": [0, 0]},
						{"origin": [-97, 0, -128], "size": [0.2, 256, 0.2 ], "uv": [0, 0]},
						{"origin": [-128, 0, -128], "size": [0.2, 256, 0.2 ], "uv": [0, 0]}
					]
				}
			]
		}
	]
}