{
	"format_version": "1.12.0",
	"minecraft:geometry": [
		{
			"description": {
				"identifier": "geometry.density",
				"texture_width": 1,
				"texture_height": 1,
				"visible_bounds_width": 5000,
				"visible_bounds_height": 5000,
				"visible_bounds_offset": [0, 0.5, 0]
			},
			"bones": [
				{
					"name": "density1_0",
					"pivot": [0, 0, 0],
					"rotation": [ 0, 0, 0]
				},
				{
					"name": "density1_1",
					"parent": "density1_0",
					"pivot": [0, 0, 0],
					"cubes": [
						{
							"origin": [-1152, 0, -1152],
							"size": [2304, 0.25, 2304],
							"uv": {
								"up": {"uv": [1, 1], "uv_size": [-1, -1]}
							}
						}
					]
				}
			]
		}
	]
}