{
	"format_version": "1.12.0",
	"minecraft:geometry": [
		{
			"description": {
				"identifier": "geometry.outpost_spots",
				"texture_width": 1,
				"texture_height": 1,
				"visible_bounds_width": 401,
				"visible_bounds_height": 89,
				"visible_bounds_offset": [0, 0.5, 0]
			},
			"bones": [
				{
					"name": "outpost1_0",
					"pivot": [0, 0, 0]
				},
				{
					"name": "outpost1_1",
					"parent": "outpost1_0",
					"pivot": [0, 0, 0],
					"cubes": [
						{
							"origin": [-128, 0, -144],
							"size": [272, 0.25, 272],
							"uv": {
								"up": {"uv": [1, 1], "uv_size": [-1, -1]}
							}
						},
						{
							"origin": [-128, 208, -144],
							"size": [272, 0.25, 272],
							"uv": {
								"up": {"uv": [1, 1], "uv_size": [-1, -1]}
							}
						}
					]
				}
			]
		}
	]
}