{
	"format_version": "1.12.0",
	"minecraft:geometry": [
		{
			"description": {
				"identifier": "geometry.scare_radius",
				"texture_width": 1,
				"texture_height": 1,
				"visible_bounds_width": 401,
				"visible_bounds_height": 89,
				"visible_bounds_offset": [0, 0.5, 0]
			},
			"bones": [
				{
					"name": "scare1_0",
					"pivot": [0, 0, 0],
					"rotation": [0, 0, 0]
				},
				{
					"name": "scare1_1",
					"parent": "scare1_0",
					"pivot": [0, 0, 0],
					"cubes": [
						{
							"origin": [-104, 0, -104],
							"size": [208, 0.25, 208],
							"uv": {
								"up": {"uv": [1, 1], "uv_size": [-1, -1]}
							}
						}
					]
				}
			]
		}
	]
}