{
	"format_version": "1.12.0",
	"minecraft:geometry": [
		{
			"description": {
				"identifier": "geometry.sim_distance",
				"texture_width": 1,
				"texture_height": 1,
				"visible_bounds_width": 401,
				"visible_bounds_height": 89,
				"visible_bounds_offset": [0, 0.5, 0]
			},
			"bones": [
				{
					"name": "sim1_0",
					"pivot": [0, 0, 0],
					"rotation": [ 0, 0, 0]
				},
				{
					"name": "sim1_1",
					"parent": "sim1_0",
					"pivot": [0, 0, 0],
					"cubes": [
						{
							"origin": [-3200, 1, -3200],
							"size": [6400, 0.25, 6400],
							"uv": {
								"up": {"uv": [1, 1], "uv_size": [-1, -1]}
							}
						}
					]
				}
			]
		}
	]
}