{
	"format_version": "1.12.0",
	"minecraft:geometry": [
		{
			"description": {
				"identifier": "geometry.spawn_distance",
				"texture_width": 4,
				"texture_height": 4,
				"visible_bounds_width": 90,
				"visible_bounds_height": 89,
				"visible_bounds_offset": [0, 0.5, 0]
			},
			"bones": [
				{
					"name":"static",
					"pivot": [0, 0, 0]
				},
				{
					"name": "spawn1_0",
					"parent": "static",
					"pivot": [0, 0, 0],
					"rotation": [-180, 0, 180]
				},
				{
					"name": "spawn1_1",
					"parent": "spawn1_0",
					"pivot": [0, 0, 0],
					"cubes": [
						{
							"origin": [-704, 0, -704],
							"size": [1408, 0.25, 1408],
							"pivot": [0, 0, 0],
							"rotation": [-90, 0, -180],
							"uv": {
								"up": {"uv": [2, 2], "uv_size": [-2, -2]},
								"down": {"uv": [2, 2], "uv_size": [-2, -2]}
							}
						}
					]
				},
				{
					"name": "spawn1_2",
					"parent": "spawn1_0",
					"pivot": [0, 0, 0],
					"cubes": [
						{
							"origin": [-704, 0, -704],
							"size": [1408, 0.25, 1408],
							"pivot": [0, 0, 0],
							"rotation": [-90, -90, -180],
							"uv": {
								"up": {"uv": [4, 2], "uv_size": [-2, -2]},
								"down": {"uv": [4, 2], "uv_size": [-2, -2]}
							}
						}
					]
				},
				{
					"name": "spawn1_3",
					"parent": "static",
					"pivot": [0, 0, 0],
					"cubes": [
						{
							"origin": [-704, 0, -704],
							"size": [1408, 0.25, 1408],
							"pivot": [0, 0, 0],
							"rotation": [180, 0, -180],
							"uv": {
								"up": {"uv": [2, 4], "uv_size": [-2, -2]},
								"down": {"uv": [2, 4], "uv_size": [-2, -2]}
							}
						}
					]
				}
			]
		}
	]
}