{
	"format_version": "1.16.100",
	"minecraft:fog_settings": {
		"description": {
			"identifier": "custom_pack:no_fog"
		},
		"distance": {
			"air": {
				"fog_start": 1.00,
				"fog_end": 1.00,
				"fog_color": "#ABD2FF",
				"render_distance_type": "render"
			},
			"water": {
				"fog_start": 1.00,
				"fog_end": 1.00,
				"fog_color": "#0084FF",
				"render_distance_type": "render"
			},
			"lava": {
				"fog_start": 1.00,
				"fog_end": 1.00,
				"fog_color": "#991A00",
				"render_distance_type": "render"
			},
				"lava_resistance": {
				"fog_start": 2.0,
				"fog_end": 4.0,
				"fog_color": "#991A00",
				"render_distance_type": "fixed"
			}
		},
		"volumetric": {
			"density": {
				"air": {
					"max_density": 0.0,
					"uniform": true
				},
				"water": {
					"max_density": 0.32,
					"uniform": true
				}
			}
		}
	}
}