{
	"format_version" : "1.10.0",
	"animation_controllers": {
		"controller.animation.trident.fox": {
			"initial_state": "wield",
			"states": {
				"wield": {
					"animations": [ "wield" ],
					"transitions": [
						{ "sleeping": "query.is_sleeping" }
					],
					"blend_transition": 0.1,
					"blend_via_shortest_path": true
				},
				"sleeping": {
					"animations": [ "sleeping" ],
					"transitions": [
						{ "wield": "!query.is_sleeping" }
					],
					"blend_transition": 0.1,
					"blend_via_shortest_path": true
				}
			}
		}
	}
}
